<?xml version="1.0" encoding="UTF-8"?>
<!DOCTYPE struts-config PUBLIC
       "-//Apache Software Foundation//DTD Struts Configuration 1.2//EN"
       "http://struts.apache.org/dtds/struts-config_1_2.dtd">       
      
<struts-config>
	<action-mappings>
		<action path="/welcome" forward="welcome"></action>
		<action path="/login" forward="login"></action>
		<action path="/register" forward="register"></action>		
	</action-mappings>
	<plug-in className="org.apache.struts.tiles.TilesPlugin" >
		<set-property property="definitions-config" value="/WEB-INF/tiles-defs.xml" />
		<set-property property="moduleAware" value="true" />
	</plug-in>
</struts-config>